ALC_CODE,PN,USAGE
SYN-E-047,PN-E020,1
SYN-E-047,PN-E030,1
SYN-E-047,PN-E050,2
SYN-E-047,PN-T007,2
SYN-E-047,PN-T012,1
SYN-E-047,PN-X070,1
SYN-A-007,PN-A010,2
SYN-A-007,PN-A050,1
SYN-A-007,PN-A060,1
SYN-A-007,PN-T003,2
SYN-A-007,PN-X010,1
SYN-A-007,PN-X070,1
SYN-B-014,PN-B010,2
SYN-B-014,PN-B020,1
SYN-B-014,PN-B050,1
SYN-B-014,PN-T013,1
SYN-B-014,PN-X010,1
SYN-B-014,PN-X020,1
SYN-E-029,PN-E030,1
SYN-E-029,PN-E040,1
SYN-E-029,PN-E050,2
SYN-E-029,PN-T011,2
SYN-E-029,PN-X030,1
SYN-E-029,PN-X050,1
SYN-F-116,PN-F030,1
SYN-F-116,PN-F050,2
SYN-F-116,PN-F060,2
SYN-F-116,PN-T027,2
SYN-F-116,PN-X070,1
SYN-A-019,PN-A010,1
SYN-A-019,PN-A030,1
SYN-A-019,PN-A060,2
SYN-A-019,PN-T010,1
SYN-A-019,PN-T021,2
SYN-A-019,PN-X020,1
SYN-F-012,PN-F010,2
SYN-F-012,PN-F030,1
SYN-F-012,PN-F050,1
SYN-F-012,PN-T021,2
SYN-F-012,PN-T034,2
SYN-F-012,PN-X030,1
SYN-F-012,PN-X060,1
SYN-A-104,PN-A010,1
SYN-A-104,PN-A020,1
SYN-A-104,PN-A060,2
SYN-A-104,PN-T006,1
SYN-A-104,PN-X030,1
SYN-C-021,PN-C010,1
SYN-C-021,PN-C050,1
SYN-C-021,PN-C060,1
SYN-C-021,PN-T007,1
SYN-C-021,PN-T010,1
SYN-C-021,PN-X050,1
SYN-E-041,PN-E020,1
SYN-E-041,PN-E050,1
SYN-E-041,PN-E060,1
SYN-E-041,PN-T020,1
SYN-E-041,PN-T040,1
SYN-E-041,PN-X010,1
SYN-E-041,PN-X060,1
SYN-B-119,PN-B040,2
SYN-B-119,PN-B050,2
SYN-B-119,PN-B060,1
SYN-B-119,PN-T008,2
SYN-B-119,PN-X040,1
SYN-B-026,PN-B040,2
SYN-B-026,PN-B050,2
SYN-B-026,PN-B060,1
SYN-B-026,PN-T008,2
SYN-B-026,PN-X040,1
SYN-B-020,PN-B020,2
SYN-B-020,PN-B030,2
SYN-B-020,PN-B040,2
SYN-B-020,PN-T023,1
SYN-B-020,PN-X040,1
SYN-B-002,PN-B020,2
SYN-B-002,PN-B050,1
SYN-B-002,PN-B060,2
SYN-B-002,PN-T038,2
SYN-B-002,PN-X050,1
SYN-A-122,PN-A010,1
SYN-A-122,PN-A030,1
SYN-A-122,PN-A060,2
SYN-A-122,PN-T010,1
SYN-A-122,PN-T021,2
SYN-A-122,PN-X020,1
SYN-B-114,PN-B020,1
SYN-B-114,PN-B040,1
SYN-B-114,PN-B050,1
SYN-B-114,PN-T028,2
SYN-B-114,PN-X050,1
SYN-B-114,PN-X080,1
SYN-E-017,PN-E010,1
SYN-E-017,PN-E040,2
SYN-E-017,PN-E060,1
SYN-E-017,PN-T032,1
SYN-E-017,PN-X010,1
SYN-E-017,PN-X030,1
SYN-F-024,PN-F020,1
SYN-F-024,PN-F030,1
SYN-F-024,PN-F060,1
SYN-F-024,PN-T003,2
SYN-F-024,PN-X040,1
SYN-D-022,PN-D040,1
SYN-D-022,PN-D050,1
SYN-D-022,PN-D060,1
SYN-D-022,PN-T012,2
SYN-D-022,PN-X060,1
SYN-D-022,PN-X070,1
SYN-E-011,PN-E010,1
SYN-E-011,PN-E030,1
SYN-E-011,PN-E050,2
SYN-E-011,PN-T016,1
SYN-E-011,PN-X060,1
SYN-B-032,PN-B010,1
SYN-B-032,PN-B030,1
SYN-B-032,PN-B050,2
SYN-B-032,PN-T032,2
SYN-B-032,PN-X040,1
SYN-D-004,PN-D010,2
SYN-D-004,PN-D050,1
SYN-D-004,PN-D060,1
SYN-D-004,PN-T036,1
SYN-D-004,PN-X030,1
SYN-D-004,PN-X040,1
SYN-A-025,PN-A010,2
SYN-A-025,PN-A020,1
SYN-A-025,PN-A050,2
SYN-A-025,PN-T003,1
SYN-A-025,PN-X020,1
SYN-F-030,PN-F030,1
SYN-F-030,PN-F050,2
SYN-F-030,PN-F060,1
SYN-F-030,PN-T009,2
SYN-F-030,PN-X060,1
SYN-F-108,PN-F030,1
SYN-F-108,PN-F050,2
SYN-F-108,PN-F060,2
SYN-F-108,PN-T027,2
SYN-F-108,PN-X070,1
SYN-F-042,PN-F010,2
SYN-F-042,PN-F020,2
SYN-F-042,PN-F060,1
SYN-F-042,PN-T040,1
SYN-F-042,PN-X020,1
SYN-F-042,PN-X060,1
SYN-F-120,PN-F020,2
SYN-F-120,PN-F030,2
SYN-F-120,PN-F060,1
SYN-F-120,PN-T040,1
SYN-F-120,PN-X080,1
SYN-D-113,PN-D040,1
SYN-D-113,PN-D050,1
SYN-D-113,PN-D060,1
SYN-D-113,PN-T012,2
SYN-D-113,PN-X060,1
SYN-D-113,PN-X070,1
SYN-C-003,PN-C020,2
SYN-C-003,PN-C050,1
SYN-C-003,PN-C060,1
SYN-C-003,PN-T001,2
SYN-C-003,PN-T028,2
SYN-C-003,PN-X020,1
SYN-C-003,PN-X050,1
SYN-E-124,PN-E030,2
SYN-E-124,PN-E040,1
SYN-E-124,PN-E060,1
SYN-E-124,PN-T019,2
SYN-E-124,PN-X050,1
SYN-A-043,PN-A030,1
SYN-A-043,PN-A050,1
SYN-A-043,PN-A060,1
SYN-A-043,PN-T007,2
SYN-A-043,PN-T026,2
SYN-A-043,PN-X050,1
SYN-F-018,PN-F020,2
SYN-F-018,PN-F030,2
SYN-F-018,PN-F060,1
SYN-F-018,PN-T040,1
SYN-F-018,PN-X080,1
SYN-D-123,PN-D010,2
SYN-D-123,PN-D040,1
SYN-D-123,PN-D050,1
SYN-D-123,PN-T034,1
SYN-D-123,PN-T037,1
SYN-D-123,PN-X060,1
SYN-B-115,PN-B020,1
SYN-B-115,PN-B040,1
SYN-B-115,PN-B050,1
SYN-B-115,PN-T028,2
SYN-B-115,PN-X050,1
SYN-B-115,PN-X080,1
SYN-C-039,PN-C010,1
SYN-C-039,PN-C040,2
SYN-C-039,PN-C060,1
SYN-C-039,PN-T006,1
SYN-C-039,PN-X020,1
SYN-C-117,PN-C010,1
SYN-C-117,PN-C040,2
SYN-C-117,PN-C060,1
SYN-C-117,PN-T006,1
SYN-C-117,PN-X020,1
SYN-D-028,PN-D030,1
SYN-D-028,PN-D040,1
SYN-D-028,PN-D050,1
SYN-D-028,PN-T010,2
SYN-D-028,PN-T040,2
SYN-D-028,PN-X030,1
SYN-D-028,PN-X070,1
SYN-A-111,PN-A040,1
SYN-A-111,PN-A050,2
SYN-A-111,PN-A060,1
SYN-A-111,PN-T029,2
SYN-A-111,PN-X060,1
SYN-A-111,PN-X070,1
SYN-A-001,PN-A010,2
SYN-A-001,PN-A050,2
SYN-A-001,PN-A060,1
SYN-A-001,PN-T024,2
SYN-A-001,PN-X010,1
SYN-D-016,PN-D010,2
SYN-D-016,PN-D040,1
SYN-D-016,PN-D050,1
SYN-D-016,PN-T034,1
SYN-D-016,PN-T037,1
SYN-D-016,PN-X060,1
SYN-D-040,PN-D020,1
SYN-D-040,PN-D040,2
SYN-D-040,PN-D060,2
SYN-D-040,PN-T023,2
SYN-D-040,PN-T035,1
SYN-D-040,PN-X010,1
SYN-D-040,PN-X020,1
SYN-A-037,PN-A040,1
SYN-A-037,PN-A050,2
SYN-A-037,PN-A060,1
SYN-A-037,PN-T029,2
SYN-A-037,PN-X060,1
SYN-A-037,PN-X070,1
SYN-D-110,PN-D040,1
SYN-D-110,PN-D050,1
SYN-D-110,PN-D060,1
SYN-D-110,PN-T012,2
SYN-D-110,PN-X060,1
SYN-D-110,PN-X070,1
SYN-E-005,PN-E020,2
SYN-E-005,PN-E040,1
SYN-E-005,PN-E050,1
SYN-E-005,PN-T036,1
SYN-E-005,PN-X060,1
SYN-C-009,PN-C020,1
SYN-C-009,PN-C050,1
SYN-C-009,PN-C060,2
SYN-C-009,PN-T016,1
SYN-C-009,PN-T032,1
SYN-C-009,PN-X010,1
SYN-F-006,PN-F020,1
SYN-F-006,PN-F030,2
SYN-F-006,PN-F040,1
SYN-F-006,PN-T023,1
SYN-F-006,PN-X020,1
SYN-A-105,PN-A010,2
SYN-A-105,PN-A050,1
SYN-A-105,PN-A060,1
SYN-A-105,PN-T003,2
SYN-A-105,PN-X010,1
SYN-A-105,PN-X070,1
SYN-E-121,PN-E030,1
SYN-E-121,PN-E040,1
SYN-E-121,PN-E050,2
SYN-E-121,PN-T011,2
SYN-E-121,PN-X030,1
SYN-E-121,PN-X050,1
SYN-C-033,PN-C020,1
SYN-C-033,PN-C030,1
SYN-C-033,PN-C040,2
SYN-C-033,PN-T022,1
SYN-C-033,PN-X030,1
SYN-E-101,PN-E030,2
SYN-E-101,PN-E040,1
SYN-E-101,PN-E060,1
SYN-E-101,PN-T019,2
SYN-E-101,PN-X050,1
SYN-D-034,PN-D010,1
SYN-D-034,PN-D020,2
SYN-D-034,PN-D030,1
SYN-D-034,PN-T026,1
SYN-D-034,PN-T034,2
SYN-D-034,PN-X010,1
SYN-D-034,PN-X060,1
SYN-D-046,PN-D020,1
SYN-D-046,PN-D030,2
SYN-D-046,PN-D060,2
SYN-D-046,PN-T020,2
SYN-D-046,PN-X030,1
SYN-D-046,PN-X040,1
SYN-B-044,PN-B010,1
SYN-B-044,PN-B030,2
SYN-B-044,PN-B040,1
SYN-B-044,PN-T016,1
SYN-B-044,PN-X030,1
SYN-B-044,PN-X080,1
SYN-D-010,PN-D010,1
SYN-D-010,PN-D020,1
SYN-D-010,PN-D040,1
SYN-D-010,PN-T012,1
SYN-D-010,PN-T035,2
SYN-D-010,PN-X050,1
SYN-D-010,PN-X080,1
SYN-F-036,PN-F010,2
SYN-F-036,PN-F020,1
SYN-F-036,PN-F060,1
SYN-F-036,PN-T011,1
SYN-F-036,PN-X020,1
SYN-F-036,PN-X080,1
SYN-A-031,PN-A010,1
SYN-A-031,PN-A020,1
SYN-A-031,PN-A060,2
SYN-A-031,PN-T006,1
SYN-A-031,PN-X030,1
SYN-E-107,PN-E030,2
SYN-E-107,PN-E040,2
SYN-E-107,PN-E050,1
SYN-E-107,PN-T014,2
SYN-E-107,PN-X010,1
SYN-E-107,PN-X070,1
SYN-E-035,PN-E030,2
SYN-E-035,PN-E040,2
SYN-E-035,PN-E050,1
SYN-E-035,PN-T014,2
SYN-E-035,PN-X010,1
SYN-E-035,PN-X070,1
SYN-C-015,PN-C010,1
SYN-C-015,PN-C030,1
SYN-C-015,PN-C060,1
SYN-C-015,PN-T004,1
SYN-C-015,PN-X030,1
SYN-C-015,PN-X040,1
SYN-B-008,PN-B020,1
SYN-B-008,PN-B040,1
SYN-B-008,PN-B050,1
SYN-B-008,PN-T028,2
SYN-B-008,PN-X050,1
SYN-B-008,PN-X080,1
SYN-D-102,PN-D010,2
SYN-D-102,PN-D040,1
SYN-D-102,PN-D050,1
SYN-D-102,PN-T034,1
SYN-D-102,PN-T037,1
SYN-D-102,PN-X060,1
SYN-C-118,PN-C010,1
SYN-C-118,PN-C030,1
SYN-C-118,PN-C060,1
SYN-C-118,PN-T013,2
SYN-C-118,PN-T027,1
SYN-C-118,PN-X040,1
SYN-F-048,PN-F030,1
SYN-F-048,PN-F050,2
SYN-F-048,PN-F060,2
SYN-F-048,PN-T027,2
SYN-F-048,PN-X070,1
SYN-A-013,PN-A010,2
SYN-A-013,PN-A030,2
SYN-A-013,PN-A040,1
SYN-A-013,PN-T001,2
SYN-A-013,PN-T036,2
SYN-A-013,PN-X020,1
SYN-A-013,PN-X070,1
SYN-C-045,PN-C010,1
SYN-C-045,PN-C030,1
SYN-C-045,PN-C060,1
SYN-C-045,PN-T013,2
SYN-C-045,PN-T027,1
SYN-C-045,PN-X040,1
SYN-C-103,PN-C010,1
SYN-C-103,PN-C050,1
SYN-C-103,PN-C060,1
SYN-C-103,PN-T007,1
SYN-C-103,PN-T010,1
SYN-C-103,PN-X050,1
SYN-A-109,PN-A010,2
SYN-A-109,PN-A050,2
SYN-A-109,PN-A060,1
SYN-A-109,PN-T024,2
SYN-A-109,PN-X010,1
SYN-E-023,PN-E030,2
SYN-E-023,PN-E040,1
SYN-E-023,PN-E060,1
SYN-E-023,PN-T019,2
SYN-E-023,PN-X050,1
SYN-D-112,PN-D010,1
SYN-D-112,PN-D020,2
SYN-D-112,PN-D030,1
SYN-D-112,PN-T026,1
SYN-D-112,PN-T034,2
SYN-D-112,PN-X010,1
SYN-D-112,PN-X060,1
SYN-B-038,PN-B010,2
SYN-B-038,PN-B020,2
SYN-B-038,PN-B060,1
SYN-B-038,PN-T019,1
SYN-B-038,PN-X060,1
SYN-B-038,PN-X080,1
SYN-D-106,PN-D020,1
SYN-D-106,PN-D040,2
SYN-D-106,PN-D060,2
SYN-D-106,PN-T023,2
SYN-D-106,PN-T035,1
SYN-D-106,PN-X010,1
SYN-D-106,PN-X020,1
SYN-C-027,PN-C010,2
SYN-C-027,PN-C040,1
SYN-C-027,PN-C050,1
SYN-C-027,PN-T033,2
SYN-C-027,PN-X050,1
SYN-C-027,PN-X080,1
