ALC_CODE,MODEL
SYN-E-047,E
SYN-A-007,A
SYN-B-014,B
SYN-E-029,E
SYN-F-116,F
SYN-A-019,A
SYN-F-012,F
SYN-A-104,A
SYN-C-021,C
SYN-E-041,E
SYN-B-119,B
SYN-B-026,B
SYN-B-020,B
SYN-B-002,B
SYN-A-122,A
SYN-B-114,B
SYN-E-017,E
SYN-F-024,F
SYN-D-022,D
SYN-E-011,E
SYN-B-032,B
SYN-D-004,D
SYN-A-025,A
SYN-F-030,F
SYN-F-108,F
SYN-F-042,F
SYN-F-120,F
SYN-D-113,D
SYN-C-003,C
SYN-E-124,E
SYN-A-043,A
SYN-F-018,F
SYN-D-123,D
SYN-B-115,B
SYN-C-039,C
SYN-C-117,C
SYN-D-028,D
SYN-A-111,A
SYN-A-001,A
SYN-D-016,D
SYN-D-040,D
SYN-A-037,A
SYN-D-110,D
SYN-E-005,E
SYN-C-009,C
SYN-F-006,F
SYN-A-105,A
SYN-E-121,E
SYN-C-033,C
SYN-E-101,E
SYN-D-034,D
SYN-D-046,D
SYN-B-044,B
SYN-D-010,D
SYN-F-036,F
SYN-A-031,A
SYN-E-107,E
SYN-E-035,E
SYN-C-015,C
SYN-B-008,B
SYN-D-102,D
SYN-C-118,C
SYN-F-048,F
SYN-A-013,A
SYN-C-045,C
SYN-C-103,C
SYN-A-109,A
SYN-E-023,E
SYN-D-112,D
SYN-B-038,B
SYN-D-106,D
SYN-C-027,C
