PN,S_ID,PN_DESC
PN-A010,S-50001,A 공통 커버 1
PN-A020,S-50002,A 공통 커버 2
PN-A030,S-50003,A 공통 커버 3
PN-A040,S-50004,A 공통 커버 4
PN-A050,S-50005,A 공통 커버 5
PN-A060,S-50006,A 공통 커버 6
PN-B010,S-50007,B 공통 커버 1
PN-B020,S-50008,B 공통 커버 2
PN-B030,S-50009,B 공통 커버 3
PN-B040,S-50010,B 공통 커버 4
PN-B050,S-50011,B 공통 커버 5
PN-B060,S-50012,B 공통 커버 6
PN-C010,S-50013,C 공통 커버 1
PN-C020,S-50014,C 공통 커버 2
PN-C030,S-50015,C 공통 커버 3
PN-C040,S-50016,C 공통 커버 4
PN-C050,S-50017,C 공통 커버 5
PN-C060,S-50018,C 공통 커버 6
PN-D010,S-50019,D 공통 커버 1
PN-D020,S-50020,D 공통 커버 2
PN-D030,S-50021,D 공통 커버 3
PN-D040,S-50022,D 공통 커버 4
PN-D050,S-50023,D 공통 커버 5
PN-D060,S-50024,D 공통 커버 6
PN-E010,S-50025,E 공통 커버 1
PN-E020,S-50026,E 공통 커버 2
PN-E030,S-50027,E 공통 커버 3
PN-E040,S-50028,E 공통 커버 4
PN-E050,S-50029,E 공통 커버 5
PN-E060,S-50030,E 공통 커버 6
PN-F010,S-50031,F 공통 커버 1
PN-F020,S-50032,F 공통 커버 2
PN-F030,S-50033,F 공통 커버 3
PN-F040,S-50034,F 공통 커버 4
PN-F050,S-50035,F 공통 커버 5
PN-F060,S-50036,F 공통 커버 6
PN-X010,S-50037,공용 커버 1
PN-X020,S-50038,공용 커버 2
PN-X030,S-50039,공용 커버 3
PN-X040,S-50040,공용 커버 4
PN-X050,S-50041,공용 커버 5
PN-X060,S-50042,공용 커버 6
PN-X070,S-50043,공용 커버 7
PN-X080,S-50044,공용 커버 8
PN-T001,S-50045,사양 전용 커버 1
PN-T002,S-50046,사양 전용 커버 2
PN-T003,S-50047,사양 전용 커버 3
PN-T004,S-50048,사양 전용 커버 4
PN-T005,S-50049,사양 전용 커버 5
PN-T006,S-50050,사양 전용 커버 6
PN-T007,S-50051,사양 전용 커버 7
PN-T008,S-50052,사양 전용 커버 8
PN-T009,S-50053,사양 전용 커버 9
PN-T010,S-50054,사양 전용 커버 10
PN-T011,S-50055,사양 전용 커버 11
PN-T012,S-50056,사양 전용 커버 12
PN-T013,S-50057,사양 전용 커버 13
PN-T014,S-50058,사양 전용 커버 14
PN-T015,S-50059,사양 전용 커버 15
PN-T016,S-50060,사양 전용 커버 16
PN-T017,S-50061,사양 전용 커버 17
PN-T018,S-50062,사양 전용 커버 18
PN-T019,S-50063,사양 전용 커버 19
PN-T020,S-50064,사양 전용 커버 20
PN-T021,S-50065,사양 전용 커버 21
PN-T022,S-50066,사양 전용 커버 22
PN-T023,S-50067,사양 전용 커버 23
PN-T024,S-50068,사양 전용 커버 24
PN-T025,S-50069,사양 전용 커버 25
PN-T026,S-50070,사양 전용 커버 26
PN-T027,S-50071,사양 전용 커버 27
PN-T028,S-50072,사양 전용 커버 28
PN-T029,S-50073,사양 전용 커버 29
PN-T030,S-50074,사양 전용 커버 30
PN-T031,S-50075,사양 전용 커버 31
PN-T032,S-50076,사양 전용 커버 32
PN-T033,S-50077,사양 전용 커버 33
PN-T034,S-50078,사양 전용 커버 34
PN-T035,S-50079,사양 전용 커버 35
PN-T036,S-50080,사양 전용 커버 36
PN-T037,S-50081,사양 전용 커버 37
PN-T038,S-50082,사양 전용 커버 38
PN-T039,S-50083,사양 전용 커버 39
PN-T040,S-50084,사양 전용 커버 40
