S_ID,SNAPSHOT_DATE,QTY
S-50001,2026-07-01,441
S-50002,2026-07-01,396
S-50003,2026-07-01,436
S-50004,2026-07-01,557
S-50005,2026-07-01,766
S-50006,2026-07-01,595
S-50007,2026-07-01,520
S-50008,2026-07-01,655
S-50009,2026-07-01,793
S-50010,2026-07-01,331
S-50011,2026-07-01,792
S-50012,2026-07-01,698
S-50013,2026-07-01,309
S-50014,2026-07-01,652
S-50015,2026-07-01,636
S-50016,2026-07-01,737
S-50017,2026-07-01,710
S-50018,2026-07-01,628
S-50019,2026-07-01,661
S-50020,2026-07-01,778
S-50021,2026-07-01,742
S-50022,2026-07-01,544
S-50023,2026-07-01,331
S-50024,2026-07-01,456
S-50025,2026-07-01,463
S-50026,2026-07-01,331
S-50027,2026-07-01,471
S-50028,2026-07-01,575
S-50029,2026-07-01,739
S-50030,2026-07-01,716
S-50031,2026-07-01,739
S-50032,2026-07-01,439
S-50033,2026-07-01,799
S-50034,2026-07-01,751
S-50035,2026-07-01,771
S-50036,2026-07-01,393
S-50037,2026-07-01,324
S-50038,2026-07-01,274
S-50039,2026-07-01,203
S-50040,2026-07-01,121
S-50041,2026-07-01,153
S-50042,2026-07-01,264
S-50043,2026-07-01,214
S-50044,2026-07-01,214
S-50045,2026-07-01,256
S-50046,2026-07-01,543
S-50047,2026-07-01,477
S-50048,2026-07-01,519
S-50049,2026-07-01,493
S-50050,2026-07-01,285
S-50051,2026-07-01,346
S-50052,2026-07-01,313
S-50053,2026-07-01,321
S-50054,2026-07-01,506
S-50055,2026-07-01,370
S-50056,2026-07-01,403
S-50057,2026-07-01,437
S-50058,2026-07-01,252
S-50059,2026-07-01,419
S-50060,2026-07-01,434
S-50061,2026-07-01,395
S-50062,2026-07-01,235
S-50063,2026-07-01,462
S-50064,2026-07-01,511
S-50065,2026-07-01,425
S-50066,2026-07-01,376
S-50067,2026-07-01,388
S-50068,2026-07-01,203
S-50069,2026-07-01,254
S-50070,2026-07-01,563
S-50071,2026-07-01,581
S-50072,2026-07-01,414
S-50073,2026-07-01,536
S-50074,2026-07-01,222
S-50075,2026-07-01,233
S-50076,2026-07-01,445
S-50077,2026-07-01,235
S-50078,2026-07-01,496
S-50079,2026-07-01,265
S-50080,2026-07-01,354
S-50081,2026-07-01,596
S-50082,2026-07-01,443
S-50083,2026-07-01,598
S-50084,2026-07-01,454
