ALC_CODE,SALES_MONTH,QTY
SYN-E-047,2026-04,27
SYN-E-047,2026-05,27
SYN-E-047,2026-06,42
SYN-A-007,2026-04,39
SYN-A-007,2026-05,69
SYN-A-007,2026-06,57
SYN-B-014,2026-04,55
SYN-B-014,2026-05,56
SYN-B-014,2026-06,68
SYN-E-029,2026-04,53
SYN-E-029,2026-05,32
SYN-E-029,2026-06,52
SYN-F-116,2026-04,34
SYN-F-116,2026-05,30
SYN-F-116,2026-06,30
SYN-A-019,2026-04,77
SYN-A-019,2026-05,71
SYN-A-019,2026-06,73
SYN-F-012,2026-04,20
SYN-F-012,2026-05,20
SYN-F-012,2026-06,26
SYN-A-104,2026-04,30
SYN-A-104,2026-05,32
SYN-A-104,2026-06,45
SYN-C-021,2026-04,29
SYN-C-021,2026-05,18
SYN-C-021,2026-06,18
SYN-E-041,2026-04,80
SYN-E-041,2026-05,77
SYN-E-041,2026-06,66
SYN-B-119,2026-04,63
SYN-B-119,2026-05,59
SYN-B-119,2026-06,44
SYN-B-026,2026-04,35
SYN-B-026,2026-05,28
SYN-B-026,2026-06,47
SYN-B-020,2026-04,20
SYN-B-020,2026-05,24
SYN-B-020,2026-06,26
SYN-B-002,2026-04,28
SYN-B-002,2026-05,31
SYN-B-002,2026-06,47
SYN-A-122,2026-04,14
SYN-A-122,2026-05,16
SYN-A-122,2026-06,20
SYN-B-114,2026-04,18
SYN-B-114,2026-05,30
SYN-B-114,2026-06,24
SYN-E-017,2026-04,17
SYN-E-017,2026-05,16
SYN-E-017,2026-06,18
SYN-F-024,2026-04,10
SYN-F-024,2026-05,8
SYN-F-024,2026-06,13
SYN-D-022,2026-04,20
SYN-D-022,2026-05,23
SYN-D-022,2026-06,30
SYN-E-011,2026-04,28
SYN-E-011,2026-05,18
SYN-E-011,2026-06,29
SYN-B-032,2026-04,23
SYN-B-032,2026-05,20
SYN-B-032,2026-06,33
SYN-D-004,2026-04,66
SYN-D-004,2026-05,56
SYN-D-004,2026-06,58
SYN-A-025,2026-04,57
SYN-A-025,2026-05,60
SYN-A-025,2026-06,68
SYN-F-030,2026-04,56
SYN-F-030,2026-05,72
SYN-F-030,2026-06,45
SYN-F-108,2026-04,30
SYN-F-108,2026-05,30
SYN-F-108,2026-06,39
SYN-F-042,2026-04,50
SYN-F-042,2026-05,62
SYN-F-042,2026-06,60
SYN-F-120,2026-04,23
SYN-F-120,2026-05,28
SYN-F-120,2026-06,16
SYN-D-113,2026-04,20
SYN-D-113,2026-05,21
SYN-D-113,2026-06,20
SYN-C-003,2026-04,84
SYN-C-003,2026-05,56
SYN-C-003,2026-06,59
SYN-E-124,2026-04,14
SYN-E-124,2026-05,16
SYN-E-124,2026-06,12
SYN-A-043,2026-04,30
SYN-A-043,2026-05,28
SYN-A-043,2026-06,30
SYN-F-018,2026-04,48
SYN-F-018,2026-05,52
SYN-F-018,2026-06,69
SYN-D-123,2026-04,53
SYN-D-123,2026-05,36
SYN-D-123,2026-06,48
SYN-B-115,2026-04,27
SYN-B-115,2026-05,18
SYN-B-115,2026-06,23
SYN-C-039,2026-04,36
SYN-C-039,2026-05,43
SYN-C-039,2026-06,34
SYN-C-117,2026-04,27
SYN-C-117,2026-05,21
SYN-C-117,2026-06,15
SYN-D-028,2026-04,21
SYN-D-028,2026-05,19
SYN-D-028,2026-06,20
SYN-A-111,2026-04,19
SYN-A-111,2026-05,15
SYN-A-111,2026-06,23
SYN-A-001,2026-04,82
SYN-A-001,2026-05,75
SYN-A-001,2026-06,65
SYN-D-016,2026-04,61
SYN-D-016,2026-05,54
SYN-D-016,2026-06,52
SYN-D-040,2026-04,24
SYN-D-040,2026-05,29
SYN-D-040,2026-06,22
SYN-A-037,2026-04,28
SYN-A-037,2026-05,21
SYN-A-037,2026-06,25
SYN-D-110,2026-04,44
SYN-D-110,2026-05,53
SYN-D-110,2026-06,39
SYN-E-005,2026-04,96
SYN-E-005,2026-05,69
SYN-E-005,2026-06,109
SYN-C-009,2026-04,98
SYN-C-009,2026-05,57
SYN-C-009,2026-06,64
SYN-F-006,2026-04,22
SYN-F-006,2026-05,25
SYN-F-006,2026-06,22
SYN-A-105,2026-04,32
SYN-A-105,2026-05,34
SYN-A-105,2026-06,30
SYN-E-121,2026-04,23
SYN-E-121,2026-05,29
SYN-E-121,2026-06,23
SYN-C-033,2026-04,13
SYN-C-033,2026-05,12
SYN-C-033,2026-06,13
SYN-E-101,2026-04,20
SYN-E-101,2026-05,19
SYN-E-101,2026-06,20
SYN-D-034,2026-04,28
SYN-D-034,2026-05,36
SYN-D-034,2026-06,24
SYN-D-046,2026-04,51
SYN-D-046,2026-05,70
SYN-D-046,2026-06,48
SYN-B-044,2026-04,35
SYN-B-044,2026-05,48
SYN-B-044,2026-06,31
SYN-D-010,2026-04,21
SYN-D-010,2026-05,25
SYN-D-010,2026-06,22
SYN-F-036,2026-04,111
SYN-F-036,2026-05,117
SYN-F-036,2026-06,116
SYN-A-031,2026-04,43
SYN-A-031,2026-05,37
SYN-A-031,2026-06,49
SYN-E-107,2026-04,10
SYN-E-107,2026-05,10
SYN-E-107,2026-06,16
SYN-E-035,2026-04,12
SYN-E-035,2026-05,18
SYN-E-035,2026-06,18
SYN-C-015,2026-04,55
SYN-C-015,2026-05,38
SYN-C-015,2026-06,33
SYN-B-008,2026-04,30
SYN-B-008,2026-05,29
SYN-B-008,2026-06,25
SYN-D-102,2026-04,33
SYN-D-102,2026-05,33
SYN-D-102,2026-06,39
SYN-C-118,2026-04,11
SYN-C-118,2026-05,18
SYN-C-118,2026-06,13
SYN-F-048,2026-04,27
SYN-F-048,2026-05,30
SYN-F-048,2026-06,32
SYN-A-013,2026-04,17
SYN-A-013,2026-05,23
SYN-A-013,2026-06,23
SYN-C-045,2026-04,52
SYN-C-045,2026-05,54
SYN-C-045,2026-06,58
SYN-C-103,2026-04,7
SYN-C-103,2026-05,5
SYN-C-103,2026-06,8
SYN-A-109,2026-04,25
SYN-A-109,2026-05,21
SYN-A-109,2026-06,26
SYN-E-023,2026-04,21
SYN-E-023,2026-05,25
SYN-E-023,2026-06,17
SYN-D-112,2026-04,22
SYN-D-112,2026-05,28
SYN-D-112,2026-06,25
SYN-B-038,2026-04,28
SYN-B-038,2026-05,48
SYN-B-038,2026-06,40
SYN-D-106,2026-04,15
SYN-D-106,2026-05,11
SYN-D-106,2026-06,15
SYN-C-027,2026-04,14
SYN-C-027,2026-05,10
SYN-C-027,2026-06,16
